<?xml version="1.0" encoding="UTF-8"?>
<GenRun Id="impl_1" LaunchPart="xc7a100tcsg324-1" LaunchTime="1577724339">
  <File Type="BITSTR-BMM" Name="temall_bd.bmm"/>
  <File Type="OPT-METHODOLOGY-DRC" Name="temall_methodology_drc_opted.rpt"/>
  <File Type="INIT-TIMING" Name="temall_timing_summary_init.rpt"/>
  <File Type="ROUTE-PWR" Name="temall_power_routed.rpt"/>
  <File Type="PA-TCL" Name="temall.tcl"/>
  <File Type="OPT-TIMING" Name="temall_timing_summary_opted.rpt"/>
  <File Type="OPT-DCP" Name="temall_opt.dcp"/>
  <File Type="ROUTE-PWR-SUM" Name="temall_power_summary_routed.pb"/>
  <File Type="REPORTS-TCL" Name="temall_reports.tcl"/>
  <File Type="OPT-DRC" Name="temall_drc_opted.rpt"/>
  <File Type="OPT-HWDEF" Name="temall.hwdef"/>
  <File Type="PWROPT-DCP" Name="temall_pwropt.dcp"/>
  <File Type="PWROPT-DRC" Name="temall_drc_pwropted.rpt"/>
  <File Type="PWROPT-TIMING" Name="temall_timing_summary_pwropted.rpt"/>
  <File Type="PLACE-DCP" Name="temall_placed.dcp"/>
  <File Type="PLACE-IO" Name="temall_io_placed.rpt"/>
  <File Type="PLACE-CLK" Name="temall_clock_utilization_placed.rpt"/>
  <File Type="PLACE-UTIL" Name="temall_utilization_placed.rpt"/>
  <File Type="PLACE-UTIL-PB" Name="temall_utilization_placed.pb"/>
  <File Type="PLACE-CTRL" Name="temall_control_sets_placed.rpt"/>
  <File Type="PLACE-SIMILARITY" Name="temall_incremental_reuse_placed.rpt"/>
  <File Type="PLACE-PRE-SIMILARITY" Name="temall_incremental_reuse_pre_placed.rpt"/>
  <File Type="BG-BGN" Name="temall.bgn"/>
  <File Type="PLACE-TIMING" Name="temall_timing_summary_placed.rpt"/>
  <File Type="POSTPLACE-PWROPT-DCP" Name="temall_postplace_pwropt.dcp"/>
  <File Type="BG-BIN" Name="temall.bin"/>
  <File Type="POSTPLACE-PWROPT-TIMING" Name="temall_timing_summary_postplace_pwropted.rpt"/>
  <File Type="PHYSOPT-DCP" Name="temall_physopt.dcp"/>
  <File Type="PHYSOPT-DRC" Name="temall_drc_physopted.rpt"/>
  <File Type="BITSTR-MSK" Name="temall.msk"/>
  <File Type="PHYSOPT-TIMING" Name="temall_timing_summary_physopted.rpt"/>
  <File Type="ROUTE-ERROR-DCP" Name="temall_routed_error.dcp"/>
  <File Type="ROUTE-DCP" Name="temall_routed.dcp"/>
  <File Type="ROUTE-BLACKBOX-DCP" Name="temall_routed_bb.dcp"/>
  <File Type="ROUTE-DRC" Name="temall_drc_routed.rpt"/>
  <File Type="ROUTE-DRC-PB" Name="temall_drc_routed.pb"/>
  <File Type="BITSTR-LTX" Name="debug_nets.ltx"/>
  <File Type="BITSTR-LTX" Name="temall.ltx"/>
  <File Type="ROUTE-DRC-RPX" Name="temall_drc_routed.rpx"/>
  <File Type="BITSTR-MMI" Name="temall.mmi"/>
  <File Type="ROUTE-METHODOLOGY-DRC" Name="temall_methodology_drc_routed.rpt"/>
  <File Type="ROUTE-METHODOLOGY-DRC-RPX" Name="temall_methodology_drc_routed.rpx"/>
  <File Type="BITSTR-SYSDEF" Name="temall.sysdef"/>
  <File Type="ROUTE-METHODOLOGY-DRC-PB" Name="temall_methodology_drc_routed.pb"/>
  <File Type="ROUTE-PWR-RPX" Name="temall_power_routed.rpx"/>
  <File Type="ROUTE-STATUS" Name="temall_route_status.rpt"/>
  <File Type="ROUTE-STATUS-PB" Name="temall_route_status.pb"/>
  <File Type="ROUTE-TIMINGSUMMARY" Name="temall_timing_summary_routed.rpt"/>
  <File Type="ROUTE-TIMING-PB" Name="temall_timing_summary_routed.pb"/>
  <File Type="ROUTE-TIMING-RPX" Name="temall_timing_summary_routed.rpx"/>
  <File Type="ROUTE-SIMILARITY" Name="temall_incremental_reuse_routed.rpt"/>
  <File Type="ROUTE-CLK" Name="temall_clock_utilization_routed.rpt"/>
  <File Type="ROUTE-BUS-SKEW" Name="temall_bus_skew_routed.rpt"/>
  <File Type="ROUTE-BUS-SKEW-PB" Name="temall_bus_skew_routed.pb"/>
  <File Type="ROUTE-BUS-SKEW-RPX" Name="temall_bus_skew_routed.rpx"/>
  <File Type="POSTROUTE-PHYSOPT-DCP" Name="temall_postroute_physopt.dcp"/>
  <File Type="POSTROUTE-PHYSOPT-BLACKBOX-DCP" Name="temall_postroute_physopt_bb.dcp"/>
  <File Type="POSTROUTE-PHYSOPT-TIMING" Name="temall_timing_summary_postroute_physopted.rpt"/>
  <File Type="POSTROUTE-PHYSOPT-TIMING-PB" Name="temall_timing_summary_postroute_physopted.pb"/>
  <File Type="POSTROUTE-PHYSOPT-TIMING-RPX" Name="temall_timing_summary_postroute_physopted.rpx"/>
  <File Type="POSTROUTE-PHYSOPT-BUS-SKEW" Name="temall_bus_skew_postroute_physopted.rpt"/>
  <File Type="POSTROUTE-PHYSOPT-BUS-SKEW-PB" Name="temall_bus_skew_postroute_physopted.pb"/>
  <File Type="BG-BIT" Name="temall.bit"/>
  <File Type="POSTROUTE-PHYSOPT-BUS-SKEW-RPX" Name="temall_bus_skew_postroute_physopted.rpx"/>
  <File Type="BITSTR-RBT" Name="temall.rbt"/>
  <File Type="BITSTR-NKY" Name="temall.nky"/>
  <File Type="BG-DRC" Name="temall.drc"/>
  <File Type="RDI-RDI" Name="temall.vdi"/>
  <File Type="WBT-USG" Name="usage_statistics_webtalk.html"/>
  <FileSet Name="sources" Type="DesignSrcs" RelSrcDir="$PSRCDIR/sources_1">
    <Filter Type="Srcs"/>
    <File Path="$PPRDIR/../clock_enable.vhdl">
      <FileInfo>
        <Attr Name="UsedIn" Val="synthesis"/>
        <Attr Name="UsedIn" Val="simulation"/>
      </FileInfo>
    </File>
    <File Path="$PPRDIR/../clock_enable_1ms.vhdl">
      <FileInfo>
        <Attr Name="UsedIn" Val="synthesis"/>
        <Attr Name="UsedIn" Val="simulation"/>
      </FileInfo>
    </File>
    <File Path="$PPRDIR/../decode.vhdl">
      <FileInfo>
        <Attr Name="UsedIn" Val="synthesis"/>
        <Attr Name="UsedIn" Val="simulation"/>
      </FileInfo>
    </File>
    <File Path="$PPRDIR/../temperature.vhdl">
      <FileInfo>
        <Attr Name="UsedIn" Val="synthesis"/>
        <Attr Name="UsedIn" Val="simulation"/>
      </FileInfo>
    </File>
    <File Path="$PPRDIR/../temall.vhdl">
      <FileInfo>
        <Attr Name="UsedIn" Val="synthesis"/>
        <Attr Name="UsedIn" Val="simulation"/>
      </FileInfo>
    </File>
    <Config>
      <Option Name="DesignMode" Val="RTL"/>
      <Option Name="TopModule" Val="temall"/>
      <Option Name="TopAutoSet" Val="TRUE"/>
    </Config>
  </FileSet>
  <FileSet Name="constrs_in" Type="Constrs" RelSrcDir="$PSRCDIR/constrs_1">
    <Filter Type="Constrs"/>
    <File Path="$PPRDIR/../Nexys4DDR_Nexys_A7_master_constraints_file.xdc">
      <FileInfo>
        <Attr Name="UsedIn" Val="synthesis"/>
        <Attr Name="UsedIn" Val="implementation"/>
      </FileInfo>
    </File>
    <Config>
      <Option Name="ConstrsType" Val="XDC"/>
    </Config>
  </FileSet>
  <FileSet Name="utils" Type="Utils" RelSrcDir="$PSRCDIR/utils_1">
    <Filter Type="Utils"/>
    <Config>
      <Option Name="TopAutoSet" Val="TRUE"/>
    </Config>
  </FileSet>
  <Strategy Version="1" Minor="2">
    <StratHandle Name="Vivado Implementation Defaults" Flow="Vivado Implementation 2019">
      <Desc>Default settings for Implementation.</Desc>
    </StratHandle>
    <Step Id="init_design"/>
    <Step Id="opt_design"/>
    <Step Id="power_opt_design"/>
    <Step Id="place_design"/>
    <Step Id="post_place_power_opt_design"/>
    <Step Id="phys_opt_design"/>
    <Step Id="route_design"/>
    <Step Id="post_route_phys_opt_design"/>
    <Step Id="write_bitstream"/>
  </Strategy>
</GenRun>
